lat,lon,speed (m/s),heading (degrees),altitude (m),road_type
12.937454011884736,77.53702658576772,7.851170512077179,20.63171160377525,918,service_road
12.995071430640992,77.60838018947567,7.409363972159994,62.852346448987106,924,service_road
12.97319939418114,77.67458916717528,27.1876374156311,95.04619024607696,904,highway
12.959865848419703,77.64644497728192,7.486385995485183,256.2400601967418,907,service_road
12.915601864044245,77.66131222957229,8.15849178385893,323.4078990603595,906,service_road
12.91559945203362,77.63175667334214,22.78194787253891,209.76701275964982,913,service_road
12.90580836121682,77.63845531290357,13.4921952735162,44.67865237695986,923,service_road
12.986617614577494,77.66983913031306,23.301316708655435,95.07082424060266,922,highway
12.960111501174321,77.54993360177184,1.9609847269315572,259.6076486484565,902,service_road
12.970807257779605,77.59788499272862,14.62713581020153,99.85174555090674,917,highway
12.90205844942958,77.54424188836393,1.008408005498479,118.21877986197792,915,service_road
12.996990985216199,77.69753360159933,1.8795961036606357,94.34361498141217,922,highway
12.983244264080042,77.68881186793733,27.193123600332328,94.46441921796549,918,highway
12.921233911067828,77.5078853622737,4.177361133527855,89.57484972717548,918,service_road
12.91818249672071,77.64111503450314,15.972620468256514,146.84025906262082,917,service_road
12.918340450985344,77.68504966348314,12.332868078021196,95.00710925836671,919,highway
12.930424224295955,77.53611506902547,10.42029978776528,49.093317888323696,915,service_road
12.952475643163224,77.61358904611053,26.995000370618175,262.08441280663106,907,service_road
12.943194501864212,77.68309765951761,0.654701903264685,292.7331558604746,927,service_road
12.929122914019805,77.50678919571716,19.913690585267673,92.78938076073477,900,highway
12.961185289472239,77.63948405344937,28.901833026406514,278.7910180582692,916,service_road
12.913949386065205,77.5594698014745,16.805045503855258,138.79928318447298,911,service_road
12.929214464853523,77.68487923907531,28.104673860992754,182.406884707441,929,service_road
12.93663618432937,77.69421164903308,1.567736378580713,95.23600547152611,920,highway
12.945606998421704,77.68885329782269,12.563799572224841,269.9833254488668,910,service_road
12.978517596139302,77.59484284333149,7.804733728861535,94.70950058772515,904,highway
12.919967378215837,77.67240853019787,21.924628949421894,49.26425997108845,926,service_road
12.951423443841362,77.66890987970702,29.4389127149174,91.95008980438615,911,highway
12.959241456886204,77.56382009464865,7.6959018733274345,321.62570247167537,916,service_road
12.904645041272,77.66578309483013,19.625238044222233,139.62033704559397,905,service_road
12.960754485190144,77.5074015269431,5.942928982792203,97.9146354088952,900,highway
12.91705241236873,77.61925397569641,16.959907637148298,96.02469830703456,904,highway
12.90650515929853,77.54600176745754,13.917974600650085,95.11638582519014,924,highway
12.994888553725334,77.52411337715546,29.16015988894611,310.49626388338834,927,service_road
12.996563203307456,77.51539064032585,18.255818180893996,113.75897080508184,913,service_road
12.980839734811646,77.63925775517563,10.485191162604563,306.79646083260263,904,service_road
12.930461376917338,77.56797499275362,3.422873546638001,14.736219974764339,921,service_road
12.909767211400638,77.64495335430576,4.537404862048037,91.3508014622576,923,highway
12.968423302651216,77.51307126815979,6.759507898537053,224.4669102626956,926,service_road
12.94401524937396,77.56305806756612,7.5289998402089395,22.718292881596646,900,service_road
12.912203823484479,77.60789825847507,25.518481735234133,116.85930066365815,929,service_road
12.949517691011128,77.65814463296779,16.83668364847575,242.19215504889263,917,service_road
12.903438852111522,77.56375050058641,15.701727341230994,121.41608257952147,915,service_road
12.990932040207879,77.62517827528741,3.443066156076524,64.65592131843454,908,service_road
12.925877998160002,77.67719554964724,25.80419080048305,101.28622386738299,918,service_road
12.966252228435398,77.62317263763646,21.68442909625451,91.43395370010893,921,highway
12.931171107608941,77.54659189495072,2.0300508570000475,171.13890792797366,904,service_road
12.952006802117781,77.5048801563113,21.23505291689306,281.88008328499274,926,service_road
12.954671027934328,77.67401977478019,16.30614652027938,270.0551625953445,901,service_road
12.918485445552554,77.50425388217008,2.4517603724033474,164.45440964020867,929,service_road
12.996958462776456,77.67494033453684,13.749019245859694,96.61140678428697,914,highway
12.977513282336112,77.60578742680545,14.540888613901409,96.52235353132441,906,highway
12.993949894156419,77.68781353970259,4.973236204898273,92.51080103665167,903,highway
12.989482735042765,77.65975664715474,28.37094441000847,96.50425248823865,900,highway
12.959789997881108,77.69958682210667,25.499261144419858,92.12333974286891,912,highway
12.992187423502312,77.57014236309034,20.07067011987325,91.2200741357689,919,highway
12.908849250205192,77.65343765778623,13.868866830018217,167.85118135002074,921,service_road
12.919598286241914,77.58038618272185,12.352966247535255,91.13440817103917,906,highway
12.904522728891054,77.59597512406079,19.529204014528624,99.96909218589356,914,highway
12.932533033076327,77.62550109264367,16.362956082207162,152.98326686247495,922,service_road
12.938867728968948,77.67473542283727,1.8681931764565685,95.94141862756457,913,highway
12.92713490317739,77.69681669383986,15.375079463109952,258.8672233838922,922,service_road
12.982873750915193,77.65365468277291,24.192108516985186,197.10643826159802,918,service_road
12.935675332669359,77.58355335643347,13.777196327908742,90.27843907577413,921,highway
12.928093450968738,77.58427140045542,1.5586973266280524,90.32051395227771,928,service_road
12.954269608315824,77.64751646031777,23.588345981520995,98.06757563789127,923,highway
12.914092422497477,77.54775542915367,6.040913464079232,98.42015661506744,919,highway
12.980219698075404,77.52209482262629,7.758625046641163,222.01657475283935,928,service_road
12.907455064367978,77.57092443152816,4.941190602968877,309.8876172895782,923,service_road
12.998688693660052,77.55744779833081,9.906451946144927,96.72847133488544,917,highway
12.977224476929665,77.55926162409119,22.70254517065905,235.3632304048062,909,service_road
12.919871568153418,77.54672155020998,15.58157578511812,126.07152516835886,908,service_road
12.90055221171236,77.50841863792728,6.1464382245213764,96.33411740242127,924,highway
12.981546142845483,77.50357478694669,26.334902344561225,98.05525913576056,907,highway
12.970685734384762,77.6975444779472,26.387455648545874,83.28875121338724,925,service_road
12.972900716804098,77.58555462674717,26.117352751380206,98.05978900867584,929,highway
12.977127034668595,77.57686532943194,7.163886341446179,95.92016842789063,928,highway
12.907404465173409,77.63592945653862,13.537180325429643,91.65901024370787,909,highway
12.935846572854427,77.543650777573,29.54968968422625,90.24684157224584,916,highway
12.911586905952513,77.68999223679005,23.16037428929971,93.62753600399152,901,highway
12.98631034258756,77.65726900288311,0.8150226367667945,95.4669632829634,905,highway
12.962329812682755,77.51788220046245,1.9561377378147615,98.39820352203489,925,highway
12.933089802485265,77.58351615515699,13.917941304369982,305.34533938078096,904,service_road
12.906355835028602,77.67582366151244,27.276606175846805,98.00206347683579,927,highway
12.931098232171566,77.68894640445828,16.161053938581425,104.41585014407516,929,service_road
12.932518332202674,77.59348030224997,14.934375241028707,72.52701157927186,908,service_road
12.972960617833806,77.62268227784215,3.1642109986989175,95.47507331885848,904,service_road
12.963755747135522,77.53340678921842,19.70340314172882,99.91453567842792,917,highway
12.988721274257633,77.6982337252274,24.663094818006766,97.26838831048238,925,highway
12.947221492516196,77.54633434027669,11.41260022522687,150.88902279913978,919,service_road
12.91195942459383,77.68854635482703,23.268355527759823,99.94415267558874,908,highway
12.9713244787223,77.62992932979847,28.934299617024347,61.88852078175756,916,service_road
12.97607850486169,77.62154735897577,6.112993773830673,93.0788638201625,926,highway
12.95612771975695,77.6025377022033,15.699888935842239,98.37530834076055,916,highway
12.977096717995456,77.54613396234355,8.614138742537266,22.996716275125024,911,service_road
12.949379559636439,77.5353056064011,23.78563257101518,114.25998601003867,906,service_road
12.952273282938199,77.54409724181403,17.327800976434727,79.31487550390831,926,service_road
12.942754101835854,77.53728765242884,19.037472526509113,97.56334269582887,902,highway
12.90254191267441,77.65591689471336,23.93742478847682,36.85215044995535,909,service_road
12.91078914269933,77.57002505183334,11.879114179873646,99.24287070794661,901,highway
12.903142918568674,77.51156853531268,27.452702052211297,93.25823460770485,924,highway
12.963641041126378,77.69382052602816,15.9908660173842,91.27774652789991,902,highway
12.931435598107633,77.6767571769927,4.73864468506044,191.81773346450194,915,service_road
12.95085706911647,77.68555045663905,20.876973545064075,309.84041584399864,901,service_road
12.99075664739261,77.69898156452929,23.797840513147634,250.1706167213427,927,service_road
12.924929222914887,77.53477904984389,9.5028503120258,99.02705510445357,923,highway
12.941038292303563,77.57924840378054,25.71537770996259,98.37263007138509,909,highway
12.975555113854305,77.65164769514082,27.184297642972993,306.342683786448,905,service_road
12.922879816549163,77.63920412361077,8.307134621334267,91.26271137107732,921,highway
12.90769799098288,77.53077918126797,29.505644181456663,98.13434482324264,925,highway
12.928975145291377,77.66316662499813,4.221345841462752,268.62466987881805,910,service_road
12.916122128725402,77.54488811436734,6.060470052074699,288.7337773018327,922,service_road
12.992969765234257,77.54476352296453,5.526745177140784,57.81373021559108,906,service_road
12.980812037956442,77.60739488457868,26.819691300236112,93.18262041385726,926,highway
12.963340375651043,77.61858798696834,19.628776569748855,98.94265118256413,928,highway
12.987146059018771,77.61601724156756,4.563128496668186,96.44902905292356,914,highway
12.98036720768991,77.51829736747955,13.20970255105047,92.88251577167368,905,highway
12.918657005888603,77.67549217252608,18.458940752094062,92.98782871054252,919,highway
12.989255899848997,77.55312000851774,2.5039225496814987,304.1895073104365,926,service_road
12.953934224191565,77.52590298425656,26.47249105222016,90.13634023905821,908,highway
12.980744015516406,77.6777496159738,24.108106063246055,93.22726572726638,921,highway
12.989609129992349,77.69113029964595,15.156203207299146,95.54356681216369,919,highway
12.931800347497187,77.67242552345309,29.013798457775113,107.28246858975194,911,service_road
12.911005192452768,77.66190321494497,12.532829378252991,225.1721017528781,918,service_road
12.922793516254194,77.63104839612781,29.523309571094934,55.74872666837566,919,service_road
12.942710778862626,77.61017147412183,20.03759996410881,98.94404388648508,902,highway
12.98180147659225,77.51739735198228,19.040138197618244,75.25333345893202,914,service_road
12.986073058325635,77.58169064261413,4.9786468588735495,250.48618809866838,901,service_road
12.900695213053119,77.57453770340247,26.45783274913932,339.9151818045987,929,service_road
12.951074730257757,77.55195075675206,12.824690637618454,98.12258120990342,920,highway
12.941741100314879,77.64468402273772,4.867002173474381,162.09965175897267,901,service_road
12.922210781047074,77.59917514701576,0.3782255992727712,96.66267861479038,921,highway
12.911986536733368,77.51620924318154,16.792670509151478,99.88835531389165,902,highway
12.933761517140363,77.54403664038996,15.82198866368029,305.01698758658057,905,service_road
12.994290970391251,77.63665175273192,21.580608671074756,93.89899746291081,914,highway
12.932320293202075,77.51522617189806,26.707741590534063,342.75443459505254,926,service_road
12.951879062174337,77.67024138280975,2.3821975392908854,91.38015487020051,909,highway
12.970301895889518,77.5990293054028,21.94489471021087,354.8893174021098,908,service_road
12.936362960237929,77.59611731546534,5.622358322927466,301.8991995122264,900,service_road
12.997178208272096,77.61848155693191,25.74531159471492,291.0853922930605,915,service_road
12.996244729494212,77.66493619318503,24.571905415849685,94.04725063829659,905,highway
12.925178229582537,77.56956184158044,16.22381264956633,3.159796301254607,908,service_road
12.949724850589238,77.63560323051182,21.307283958699344,90.65811760690576,926,highway
12.930087830981677,77.61314639279917,9.430503395512451,108.65137307856972,903,service_road
12.928484049437747,77.55340565403388,14.135036967984439,94.6381424972768,926,highway
12.903688694735454,77.67572599727103,24.64910693131415,93.20027316562391,927,highway
12.960956433397989,77.65948520432138,13.777955915196417,145.0912720617852,901,service_road
12.950267902322887,77.63169036693169,10.733947959763254,228.44032838694892,928,service_road
12.905147875125,77.67011634581885,14.826373417508997,223.62707598986995,903,service_road
12.92786464642366,77.67345884019197,24.84747757311655,43.46878892280484,900,service_road
12.990826588596665,77.64167259534301,10.056241421126181,351.7075966055841,918,service_road
12.923956189066697,77.66740266567274,5.212847794072314,96.94653772810176,925,highway
12.914489487209122,77.63949429233386,21.360420609923423,160.29864891529365,924,service_road
12.948945276027757,77.63602815435206,24.779346381242455,175.72231563614457,909,service_road
12.99856504541106,77.62372227564303,3.019124355706,96.66617084879373,920,highway
12.92420552715115,77.65054332791154,7.196223382678342,35.722654594072836,914,service_road
12.967213554740589,77.53172102105862,4.259159692829817,154.31194051507143,926,service_road
12.976161961532872,77.67617415183979,10.438242347465,92.56743496309758,921,highway
12.923763754399241,77.67436870554904,13.510529367162379,77.45602378466,918,service_road
12.972821634861186,77.50584945660691,22.464790108899194,225.8884435557862,915,service_road
12.936778313271926,77.66516335011295,19.534427546450225,332.519341517875,920,service_road
12.963230583059358,77.5257739734947,18.627857024352934,90.92500437938963,926,highway
12.96335297107609,77.56702377085183,10.571248398289633,11.682387644643256,923,service_road
12.953577468407476,77.64870165125832,25.243426592542797,96.73701733542157,921,highway
12.909028977005441,77.53215197920966,14.138615021944936,111.71056168501109,903,service_road
12.983530249558925,77.66359340482381,29.373148140454635,93.07529795490456,901,highway
12.932078006497173,77.66642683559155,19.024264148872106,87.21257673051626,929,service_road
12.918651851039986,77.60149354675217,3.7879422469350823,97.96508519723709,924,highway
12.904077514155476,77.50127717434337,20.28532686226302,92.32541331620855,912,highway
12.959089294318824,77.55740762663498,9.75312046295097,92.26033196788651,927,highway
12.967756436184228,77.62338538367516,20.589815900582924,95.51050953294933,900,highway
12.901658782892786,77.6962372356055,2.0892344448721722,95.23563579529856,916,highway
12.951209305829929,77.62636270540334,5.246443115278781,92.82262470412932,912,highway
12.922649577519794,77.55196071621283,25.67211776717359,86.04523247973961,903,service_road
12.964517279040946,77.62680114061992,6.815386710705447,226.39424291574318,906,service_road
12.9174366429005,77.60799707594317,25.1112337572882,97.71512061998487,916,highway
12.969093773810247,77.65596907903023,8.378282653632313,96.5190086556246,908,highway
12.938673534630054,77.52139612776539,19.286457301761228,98.32417183410253,903,highway
12.993672998873674,77.65220558050041,20.82451720529493,99.75473028314022,918,highway
12.9137520944146,77.60825331573523,15.379642594351587,235.29123721599117,900,service_road
12.934106635105026,77.6925984007718,9.159320300901939,90.66693881405449,909,highway
12.911347352124059,77.56837443320774,6.379331291132884,213.50022838824876,903,service_road
12.992469361827856,77.6265243786268,0.9956806368727866,176.12181170997093,908,service_road
12.987733935338099,77.68640562110201,9.118392037221714,99.32544589352452,912,highway
12.925794162771515,77.52050194559814,19.59488371593849,95.23213054970876,913,highway
12.965998404603418,77.68744569744729,28.14914455345448,105.00964225977097,909,service_road
12.98172222002012,77.63757714446017,26.136134467891562,332.7514441389209,905,service_road
12.955520081159946,77.51356741182103,22.98194329605908,95.98595107404671,915,highway
12.9529650578356,77.56019271338937,23.65342029759896,96.52949658137842,905,highway
12.924185229090046,77.64163441772907,19.94954710427986,91.53919509782905,916,highway
12.909310276780591,77.51347012029376,7.80860572698009,238.94738590513933,909,service_road
12.989721575795333,77.61643409203526,27.215850921174894,42.565821289970586,917,service_road
12.990041805716332,77.56917661139059,20.121969357175022,91.3568831779228,926,highway
12.963310145727327,77.62418310355349,16.8132189294132,311.60563923411524,921,service_road
12.93390297910487,77.5091484067625,3.3296840764044324,207.79778628322205,917,service_road
12.934920957461266,77.67430736123048,13.411666314192763,99.07735433177513,902,highway
12.972595567887025,77.69469779383549,13.81074813605779,99.96565656288982,919,highway
12.989711025995257,77.69377557105715,25.9369082856801,122.02011912544152,926,service_road
12.988708642426511,77.64993036634858,16.399446605633653,286.43768303811913,920,service_road
12.977987554585763,77.52601724802612,11.41201646911229,93.37302836467487,924,highway
12.964203164615428,77.65165263918581,29.30400985531978,99.41576852733934,927,highway
12.908413996499505,77.50491738329175,3.32161779978947,95.29713966108368,914,highway
12.916162871409462,77.5044247103058,12.676452849358338,97.32388446597555,914,highway
12.989855418852708,77.5647220438299,1.2607402551421587,99.24107715911279,903,highway
12.960642905965958,77.59772863808094,22.19712362300791,47.18110708954453,928,service_road
12.900919705161664,77.65408148356155,27.542296565974517,287.0619688468003,926,service_road
12.910147154286603,77.6366590753213,8.401119886514683,182.86152908630697,908,service_road
12.966350176910806,77.58918054127535,25.750250303973626,270.1190792951842,926,service_road
12.900506158384623,77.55472533325633,8.766546913856933,96.28119531243571,925,highway
12.91608080514175,77.69942490003154,27.323104849317456,99.3064247635196,918,highway
12.954873378936659,77.58523626044719,22.61885710790352,96.76105025814351,923,highway
12.96918951976927,77.59027740486593,24.14720330524316,168.07611568431759,927,service_road
12.96519612595026,77.53272476423834,0.540196668013635,129.49915028769706,916,service_road
12.922426930946056,77.65896190974999,28.884310712220778,193.015939050985,910,service_road
12.971217922134754,77.6387364451563,21.800129762109698,97.90014841559882,924,highway
12.92372490874968,77.54415392255775,9.142532861584,159.68280437946098,908,service_road
12.932539969815927,77.51647620912317,24.881839945765407,95.79731166134192,909,highway
12.974649140511803,77.63609986041494,8.445635952447898,93.45624993576402,917,highway
12.964963289904722,77.63090224285622,26.18261518698384,98.15769404635107,919,highway
12.984922341049417,77.55465190539964,3.3774117123581107,94.66728093767951,912,highway
12.965761289230034,77.69017271245008,21.110579323823874,90.76722826852885,907,highway
12.956830860333547,77.53021157835619,16.22095429934731,91.66052521481537,906,highway
12.90936747678281,77.58646696020853,2.896034105863224,358.8513050451992,916,service_road
12.936771580305944,77.68872318403352,7.2568148477651695,94.99302946014325,920,highway
12.926520236768173,77.58394546338522,0.3721210883194437,91.06337297348227,922,highway
12.92439896433791,77.62770518953282,14.063038963935174,10.949717090868472,914,service_road
12.997301055475244,77.57951887959256,9.037957822800012,99.41048260038377,919,highway
12.939309772466677,77.55484304046973,17.950724528932763,314.64492167113764,914,service_road
12.989204655517712,77.69679552959197,8.917134231258515,79.45653093999073,900,service_road
12.963113862599727,77.581866801263,8.99757334520954,57.04129338836615,924,service_road
12.979481130354165,77.67881984073583,22.2957959619481,90.00186528170663,913,highway
12.95026370931052,77.54599092117822,1.4442850793506035,96.13979456273394,904,highway
12.957690388462636,77.54262094080502,27.086849855759617,112.09749836133037,910,service_road
12.949251769381886,77.5062268165769,25.567916231735445,94.57443055869888,915,highway
12.919524298779805,77.63033336507517,20.034140496792194,93.96947972934292,901,highway
12.97224521152615,77.57370526874476,17.796647103221527,302.2031643154383,907,service_road
12.928077236244086,77.67287164996793,26.769074944189565,234.29995976213456,910,service_road
12.902431596643146,77.59464198133831,5.559905385861433,97.304924774823,928,highway
12.964547229590718,77.69363868558295,2.3690748657248584,63.241955984127856,917,service_road
12.917711067940704,77.53710510314062,7.185305097286143,184.7483610155387,902,service_road
12.99404585843529,77.67372463359112,23.83734836100571,257.5371661843159,929,service_road
12.995392857700258,77.65531937055835,1.0401080017944997,92.62470585121264,925,highway
12.991486439022045,77.65418436892881,17.484205052504688,95.25258418781583,900,highway
12.937015870025546,77.66895664562338,29.8631254857393,91.11208747338219,910,highway
12.901545661652888,77.6522047981886,25.670882815126184,27.108516095449108,915,service_road
12.992831856258773,77.62524406432628,15.643370671307684,92.97361531308472,917,highway
12.942818414831732,77.52624897553648,1.9092272785992703,295.39607318855536,929,service_road
12.996665481904367,77.50650523589825,24.941205431571294,96.75621309598243,915,highway
12.996361997708926,77.68416956956314,17.969355245316315,90.38086300599319,922,highway
12.985300945546737,77.62333006290415,3.4479899117870048,118.52302152290203,909,service_road
12.929444889206959,77.65930745819524,2.815718544700686,96.981984306765,917,highway
12.938509772860193,77.59630447030251,27.28880458309777,162.0850632021422,905,service_road
12.985113667151685,77.52346163779248,20.076007888142353,90.41964073443634,918,highway
12.931692200515627,77.52503715844051,24.878603979502667,93.6364535891945,903,highway
12.91694927466861,77.6371130574458,26.36936700846802,254.02150972234548,926,service_road
12.955680126245834,77.58606117897989,17.153170561449667,187.75835420794814,912,service_road
12.993615477416078,77.54010494534006,15.523390552651238,44.873074437412804,923,service_road
12.969602979667497,77.5983189093483,12.912822309629705,92.95467924626759,913,highway
12.957006117008937,77.51284178741503,9.508397633733578,95.2997034102142,902,highway
12.909717649377077,77.61639428038288,13.037878825761354,96.78391885503014,909,highway
12.961500722669918,77.55379868088703,23.216389671904693,28.516734003013493,905,service_road
12.999005385010426,77.65951182012743,18.057702930453946,16.9410166056068,900,service_road
12.914008401523652,77.56207239178471,26.77569869864538,7.001298132509222,922,service_road
12.951832965236374,77.59104402981636,13.301400431375631,98.78769249792914,923,highway
12.987737307192795,77.50232410798162,18.212687361562622,95.58352315064114,926,highway
12.974076861775421,77.51448937755892,18.93922659275966,336.8974080250162,913,service_road
12.969701574099528,77.57849871128134,17.750914869189767,93.71546511319875,907,highway
12.97024840839871,77.59598776694342,21.07901319256549,104.49183793411059,918,service_road
12.935949115121975,77.62000410962386,7.123004051244188,95.2366341605461,913,highway
12.929359184426449,77.55833251574187,15.370913326373719,93.19123489820463,909,highway
12.980936115547852,77.63899637722531,3.12674408425043,219.42212076179396,916,service_road
12.981011339467917,77.67202447943784,11.535339829344377,95.02490876826931,908,highway
12.986707231858011,77.65597019777867,14.630012058637933,92.00770974756679,928,highway
12.991324055255648,77.50792376506968,19.566727786364176,355.2075401821287,905,service_road
12.951134239886095,77.59610138945156,28.515931577586105,90.31444981779978,910,service_road
12.95015162946872,77.52098603568363,18.019531996450677,99.15788239454128,924,highway
12.979829517896677,77.54840900317251,22.307817485296795,327.1915462748413,906,service_road
12.964996393077776,77.69733251865343,15.187981784856083,93.06972282209018,916,highway
12.970196687725771,77.5284991085803,19.02312094128994,175.46626911629073,927,service_road
12.97957926694361,77.59977763069027,2.1279664840132027,96.78491168650581,927,highway
12.989000534181757,77.62363114686363,7.631747425255409,93.23099701666337,900,highway
12.933799515685154,77.64049299410883,10.855592796154161,335.1595030965303,921,service_road
12.937558295263994,77.61192973669739,14.174800650195408,93.25684802063954,904,highway
12.909398193984087,77.50195416948384,1.369462365071512,93.94136046782629,908,highway
12.957828014099617,77.56529226164879,4.20072292659953,320.55874128039085,917,service_road
12.903594227379674,77.60354232867694,8.304429233739173,94.57953968206901,923,service_road
12.946559801813246,77.51757329982897,29.14598072703152,94.69518665345633,926,highway
12.954264463470757,77.57012538624184,9.940410213091523,116.75839648930798,920,service_road
12.928654125212828,77.50664062175828,14.461231743362475,342.7718101474865,901,service_road
12.959083326056902,77.515715699431,5.882931382151789,90.10493641139945,928,highway
12.903050024993906,77.57938465524032,18.32340213227305,98.95065288851245,925,highway
12.903734818874922,77.5265431508086,8.420496465479228,211.54571518143914,910,service_road
12.982260056065966,77.61350816965232,6.209777353152804,295.41304415669333,926,service_road
12.936019064141126,77.63789299382745,15.497178853379372,141.21613494847693,927,service_road
12.91270605126519,77.66011733982182,0.16517397481262464,93.41847285498092,905,highway
12.952224326005481,77.54003004884896,0.22992097947675982,98.73874955521018,925,highway
12.97699935530986,77.53349651645182,6.572064273055734,90.12907227980992,907,highway
12.921582102749685,77.52091356806687,1.1016408750246343,92.26690652074923,903,highway
12.9622890475819,77.62728604990873,3.2407726239207415,95.66892796249536,917,highway
12.908534746499377,77.64129514529738,10.165819480162547,93.51542260049698,927,highway
12.905168172116861,77.50631722896513,24.077570387394385,96.10377495318328,910,highway
12.953135463156816,77.68724244924874,17.161459301079024,170.00151327223355,904,service_road
12.95406351216101,77.5103942567303,15.380031778692492,256.63765296410514,914,service_road
12.963742990149822,77.60825926706022,8.804664696243648,91.2709624021844,927,highway
12.972609133372266,77.64181210389019,27.952611582984492,91.8928364591601,917,highway
12.997585207946253,77.67419382474922,11.91045123711575,94.59331440800543,901,highway
12.951630034830119,77.64281738642649,2.6127830038731448,285.9056443141861,921,service_road
12.932295647294124,77.66034561661397,18.511995483534037,99.05538837928901,910,highway
12.97951861947687,77.56789003850857,3.415151804298042,337.55032078484476,925,service_road
12.927083225126207,77.6629650227493,10.356694284050763,244.69372028766023,924,service_road
12.943897142070563,77.51602296927693,15.222358161534267,205.26538743168982,912,service_road
12.907845638134226,77.6789633312121,26.226675740555272,219.6705632349004,903,service_road
12.902535074341547,77.60951847523074,14.80639741020356,339.25371820862927,921,service_road
12.996264841467793,77.6634595539925,21.06776298094993,95.03546981511886,906,highway
12.983598012051221,77.59046365690367,29.78450516997211,90.68109024723523,928,highway
12.96959742060937,77.6287155390393,3.944673596939449,192.290290608851,910,service_road
12.940895294441427,77.60528053218722,8.241945765585585,99.35378161307118,921,highway
12.917329432007085,77.64631790435106,11.837282267929393,269.5314522380958,923,service_road
12.91564370426711,77.51632599640612,12.654845356164941,76.7311629530172,903,service_road
12.92502428981646,77.51207041679811,12.330632257966373,90.14567154751279,927,highway
12.954922666470612,77.54942064680203,27.228330076696647,92.47399747058346,914,highway
12.971459592270007,77.53190893602263,21.420979334005693,98.66292435982182,900,highway
12.966019737671774,77.67435671331845,18.237156422721114,91.64628428258669,922,highway
12.927993389694594,77.54384279747161,9.281181535883462,94.15124939534721,902,highway
12.99548652806632,77.69517305116383,24.71371152663884,20.054461001488267,913,service_road
12.973789691669577,77.56737915835423,28.651815344549668,94.78335481670555,905,highway
12.95543540525114,77.53642358313775,24.635948476506798,90.21021106726216,917,highway
12.961172074623436,77.6579397014285,0.046953155744187125,98.196095530658,924,highway
12.941960006242779,77.63174155510018,19.09204110550221,21.258052004977902,900,service_road
12.924773098950116,77.59963914329063,1.5340614432630217,97.8774218830237,905,highway
12.935597267865127,77.61107271018753,7.728216610011655,37.3522836729083,905,service_road
12.975784611046437,77.64384035565446,1.7857410104331506,98.37237218221819,920,highway
12.901439348862976,77.54569094826626,18.11386358848163,95.4299813260527,915,highway
12.911607264050692,77.69926678321136,20.597697404778202,240.48117026748506,928,service_road
12.904600264202175,77.69495863242936,3.4346291419771537,96.25329959704233,904,highway
12.904072880231897,77.63006513726938,11.515166491349385,90.12341046060374,916,highway
12.9855460584011,77.53990849018582,13.68709526866626,294.18877826159076,909,service_road
12.970365785938002,77.63604564848626,11.071590652827497,97.42293538170263,927,highway
12.947417382908732,77.51443968179584,3.630750014555791,322.46148798544124,920,service_road
12.9097834160651,77.50613050044116,12.568433705624262,10.419954027612143,917,service_road
12.949161587511684,77.55153657770224,22.535341434252544,86.27248258472038,906,service_road
12.947347177078056,77.59252459134787,2.130229935997664,11.660089599358221,902,service_road
12.917320186991002,77.67365450108169,2.4054004224571033,120.90365533415375,912,service_road
12.943385164923798,77.64543381395326,10.643138755079526,98.8356472837019,914,highway
12.939850473439737,77.64854130424,28.25177134856775,92.70619994693597,919,highway
12.961585009805221,77.58509866688962,20.05717940168742,91.94162869046082,918,highway
12.963509365086765,77.5691869985094,20.360098700176945,253.97640888232203,902,service_road
12.904530400977205,77.57420775259692,10.857599725135948,67.50160456283292,903,service_road
12.937461261462648,77.69752991274721,17.809823736256153,270.21544442788553,904,service_road
12.962585991571423,77.5080218382825,0.30393552083230135,84.95877812732552,900,service_road
12.950313625858008,77.6734062992245,19.082881392286268,95.20449404165286,903,highway
12.985648984118832,77.61573508171448,27.3986084272871,99.9458198903526,911,highway
12.965869363161895,77.58772308383791,18.377204050344574,65.54272639746794,927,service_road
12.916293442708144,77.64505153208303,26.21095780399035,184.6306365757168,926,service_road
12.907056874740043,77.59733378828494,21.719191663982816,91.13540642326286,923,highway
12.964241927820632,77.67468464761633,3.6167524921107077,28.657827717302027,909,service_road
12.902651131054162,77.68014037280226,27.07359921857525,254.50427465763215,922,service_road
12.958577558127347,77.58434418537469,1.9933153306732465,235.56472547502875,924,service_road
12.994023024142496,77.55536555944701,16.019024176432914,99.02763787964508,920,highway
12.957547417787588,77.61847006571867,4.26411371380373,95.24899986725838,928,highway
12.938816992620652,77.68247266912334,0.35119832192712197,162.03954912661067,925,service_road
12.964328821844235,77.54213243780113,12.661027803829171,93.30391473665617,919,highway
12.945825289049152,77.6245933167127,8.851221229624688,237.5976420487142,923,service_road
12.954561678931594,77.6263120440185,14.580014813928091,139.9566286301749,924,service_road
12.994146480877653,77.64662260448306,17.315996602036524,94.51565586605575,912,highway
12.938610263780078,77.52631353702546,1.3121721692684207,94.49460284421278,922,service_road
12.996119056382392,77.64316499293642,3.690098853712369,209.237571896178,913,service_road
12.990535064195607,77.68180650413314,16.75927189351276,97.96484389329581,922,highway
12.91957911347893,77.53593662177406,10.295020595179746,44.791879266681654,904,service_road
12.906936130087518,77.54750866498478,21.87520462648344,215.85501361585943,903,service_road
12.910077800137744,77.69427901880833,19.56874945775819,198.12646038195035,913,service_road
12.901822182565155,77.53619539054189,25.368130889697206,90.59105820875655,909,highway
12.909444296075593,77.67087701867392,20.77478480007676,248.44432236552285,916,service_road
12.968300677341636,77.5984555712896,12.897932321704443,97.28786222256576,909,highway
12.907118864846023,77.54944621488063,20.188998671832973,116.27628594367262,925,service_road
12.931897563029377,77.6741499802545,8.261435227662556,320.0443884399454,906,service_road
12.984487531096946,77.58906105100053,9.18940496334638,57.82810054267825,915,service_road
12.902327193573583,77.60296347078594,23.6695547976238,62.288593110419164,900,service_road
12.981446848258894,77.57184667387996,13.392585492047465,96.72389812798704,916,highway
12.92818547747734,77.61859017028699,23.951410215550574,91.69872594404477,920,highway
12.911816482762166,77.532704774517,24.672671210048353,82.91492088583593,928,service_road
12.969673716536414,77.57821630733035,25.726870129838513,38.30823464502406,908,service_road
12.962894284677988,77.69388246446707,27.49905707523622,295.83087011474055,905,service_road
12.987747201352706,77.55162668654023,12.929556615398887,50.028837079184854,918,service_road
12.973507104380388,77.63134733290826,9.566004549634165,269.02712072154844,912,service_road
12.980348093038485,77.56503801284494,17.465962397823414,17.248992448800145,902,service_road
12.928203457257132,77.65469462513732,11.135172703128827,341.46731790500945,906,service_road
12.917743954377972,77.52617473214367,18.03222500400699,256.0176315099958,921,service_road
12.975061475164086,77.69396420901572,21.16757587931474,90.41428088819387,908,highway
12.980683473926726,77.59075790827673,20.652150554764106,99.67802737648485,921,highway
12.999050514200068,77.54721009266929,11.236586610603641,95.49864178364398,904,highway
12.941261767691143,77.514699349466,5.005806050962585,280.5714613206431,909,service_road
12.937201808579278,77.5339515810175,12.915880153866226,188.09885120061185,922,service_road
12.9776412960742,77.60395478971121,4.277824322457262,230.76894874872767,916,service_road
12.934080354025301,77.56740063528626,26.70291105551425,91.69504091866058,911,highway
12.993075732560357,77.66577667317652,10.376323822135722,145.83889965162842,922,service_road
12.9858412751843,77.58617750473236,4.6337924166997135,96.17529115062311,915,highway
12.942899402737503,77.54974285451753,0.7634327971725263,305.98073854026785,902,service_road
12.97508710677915,77.6234289973208,19.374671588594527,95.87697018287545,929,highway
12.975454287408468,77.6413554433771,19.1070695236423,91.12364481948985,924,highway
12.910312386883593,77.53340838158019,10.21812499743875,93.31986471432703,921,highway
12.990255290667957,77.53352384325767,2.15135666542953,177.15312372603526,908,service_road
12.950525237244786,77.5073342853867,12.28886684685696,94.37051521842187,928,highway
12.982645746610775,77.64728040301313,9.336524851901807,100.17635789475707,914,service_road
12.932004960103061,77.63276090552436,20.313619192050282,142.3505772872561,904,service_road
12.98955232284962,77.59492617514996,18.173377483580712,247.3883987287236,922,service_road
12.938920167873416,77.66883408979385,10.9378118459262,293.32572030851713,912,service_road
12.90108376514803,77.66113403059002,6.536776627649703,150.26098464219612,913,service_road
12.990538197641927,77.61707087287935,29.641078984667757,99.61615807046165,919,highway
12.909128667678614,77.67365425610265,13.620048635883446,337.6172879946242,914,service_road
12.931931363759041,77.54116824200736,20.64822707340711,243.7721880018009,915,service_road
12.99500619670508,77.52238392387954,4.216589027350823,42.84766961753079,922,service_road
12.995060714693755,77.5539499223034,14.567690989781934,24.814036128473504,912,service_road
12.957343788812329,77.51141737121786,0.8261015960839646,174.07794628453286,916,service_road
12.96318372121698,77.6062339056002,15.163653537313499,90.16675813489839,922,highway
12.944844552197832,77.687321138459,28.920522213531072,91.94773497687225,907,highway
12.929321077169806,77.5078687081337,11.526201389574007,315.9691843780254,920,service_road
12.932866454536992,77.52442198280201,1.1698803772473476,92.72650647312484,901,highway
12.967251845607704,77.59043980565669,0.9286737275803059,97.31562119561134,904,highway
12.975237452943768,77.68677500350559,11.639602798406084,97.6112112170117,905,service_road
12.979157904372585,77.56323122099535,4.800748093895821,95.21884328157944,911,highway
12.978961814279456,77.60144696173768,0.7005628898455774,260.06809840687606,917,service_road
12.90912061030487,77.50831457181008,22.686408418505305,91.81225561049709,929,highway
12.949442030470259,77.52966864019241,13.755690266456721,99.57196963519235,921,highway
12.905755876001665,77.69732602459177,8.677343159179635,98.90138053446914,921,highway
12.954952888232373,77.69302373928721,27.00249549049442,311.8417310083236,900,service_road
12.944153050137338,77.50098799618688,3.4841688060157683,94.59644597385737,929,highway
12.98877041827583,77.69036235708465,28.677564868659577,96.75761292895224,916,highway
12.935091501255208,77.6278239875631,9.419001521320585,159.982422642389,929,service_road
12.91170670164276,77.67358365890401,26.652110169260435,109.18185818562976,910,service_road
12.914299168205284,77.59094797112677,18.088286294383845,90.59177071863542,909,highway
12.976151063171747,77.60311920571586,24.801220792244624,129.11809068952527,918,service_road
12.961821806331626,77.59776931605138,29.520394896313928,97.68920044571169,913,highway
12.910112267612279,77.63337285150922,8.652163134562372,99.94081654645575,925,highway
12.9084106806115,77.52793025095126,28.834064562227788,32.93550661948514,909,service_road
12.970096913145913,77.50599471797453,11.68445684707261,268.77715367191337,914,service_road
12.90727630063642,77.56158598831824,11.56535714210767,4.534704457843306,927,service_road
12.982186005929035,77.64093615254733,10.211613127635172,94.34052176080957,918,highway
12.97062422271565,77.5403706904246,16.242228220427556,65.83122963175407,903,service_road
12.90813487806419,77.63468648666499,4.624351295354613,94.09085148634877,901,highway
12.90848377140852,77.69398240922146,16.611344560740335,228.8275195104144,908,service_road
12.998663957850118,77.51878014315788,16.25114437230012,93.02829888978742,909,highway
12.937427079575611,77.63452042364503,22.8570543781461,279.9782960661182,927,service_road
12.93706421470669,77.58875004386091,25.009498858127568,97.00725521284264,910,highway
12.98127995672575,77.6736284508755,13.21324050937272,63.368911814808165,913,service_road
12.994724857738387,77.53542995788948,9.069997480544812,99.38664813293371,906,highway
12.998600106382288,77.63852519044524,7.780046919512834,159.90622125174156,922,service_road
12.975337818525894,77.66762305792962,5.838715101146158,49.33900901813597,914,service_road
12.937625958553092,77.6889228438948,1.7294274659707465,96.55903313098399,921,highway
12.908350071669867,77.63664960565794,10.2734393650414,293.7932470491341,918,service_road
12.977714691592745,77.59943495280169,8.107430763923498,93.15010507183425,921,highway
12.95584042497358,77.62356944804024,28.99252157599222,92.24602440074885,914,highway
12.942422200924698,77.67378099689574,16.731264787501317,306.644521917795,929,service_road
12.990635438509473,77.61412194932777,10.418311170915226,98.27498741635674,927,highway
12.911119748230615,77.50607741193937,17.41402802981088,37.58953301932249,923,service_road
12.949262510429087,77.6861897391014,4.175901040370865,204.8339499494842,907,service_road
12.901135364476742,77.63790535020631,13.321312476066087,90.43315273254312,910,highway
12.946866064199412,77.63530267715545,18.787029642631914,164.86675721623277,928,service_road
12.905630327568185,77.54313503047955,14.666934953773541,93.30561002306291,908,highway
12.911881791626808,77.63177709404653,12.053364019629727,97.4473672782921,914,highway
12.91175262467771,77.57877288113083,29.815451666990946,204.9472562885263,900,service_road
12.964921030211606,77.6302465954083,26.40944286446781,0.7475463360292345,929,service_road
12.974604487926543,77.5213186060616,18.702178744783204,95.13175082282036,900,highway
12.958336876509716,77.63156906092061,17.081320835468482,91.3050455963744,918,highway
12.996217254847455,77.69988274515414,18.61981439473752,259.99779552251266,902,service_road
12.93748705795237,77.5096424077721,6.039363234672997,62.69640926234268,909,service_road
12.928571208628187,77.69543483684427,11.854132297929558,196.87722256347587,907,service_road
12.986859912818947,77.58138159214458,1.1837859867269795,257.20548619888143,914,service_road
12.922359583851945,77.67415069006745,14.2663811246048,96.94017414105743,909,highway
12.996322253944061,77.65647709681166,16.290737518729895,9.749208121218377,900,service_road
12.901215447468982,77.61340325219733,6.832492083096287,93.1904507433224,928,highway
12.996987882670764,77.64768984185027,28.920865414965412,94.15514063062066,917,highway
12.904315991195057,77.67570311226027,27.28363832811726,334.6738587724782,901,service_road
12.989114311369807,77.5808280643302,21.664297063677175,92.42578266073825,918,highway
12.95277011090863,77.56540663231264,16.001598862960876,234.89134398260356,912,service_road
12.99929647961193,77.63351867711272,26.09907478943055,93.18689603990524,921,highway
12.907379656473541,77.66156918838826,3.919570314703887,160.62135761257073,900,service_road
12.955385428440133,77.65245702695533,23.71529382824655,91.28596485960553,901,highway
12.99693025356191,77.65956272977174,3.744624419005449,95.73850597975027,928,highway
12.952309784417015,77.58711666296259,23.826319876482163,163.82722878733838,915,service_road
12.962939863813526,77.663566843235,8.273027047540708,58.87936603086745,914,service_road
12.969574868898462,77.52404181107413,26.312717430545668,97.14414101470499,912,highway
12.945454106476777,77.60889781959217,28.321262814761933,93.61647094841044,915,highway
12.962755808008406,77.50115173209963,4.463879082153469,108.64802011001584,916,service_road
12.95843143119231,77.56491716598005,13.880268151961806,92.53612770859708,920,highway
12.990115801049098,77.57329230697428,29.42962134488055,226.2265047507563,928,service_road
12.904544638034146,77.57923453832186,14.502223079194398,92.75536567140851,928,highway
12.928096318959224,77.63909344133798,25.906425675436353,13.952496799505688,906,service_road
12.995041148407656,77.57771162025406,17.661945663939594,91.21695306726673,923,highway
12.989026378389092,77.58973872452451,11.259897237588056,275.3194471650321,925,service_road
12.945565675278571,77.54750882617486,8.573506665776106,95.60073528446891,916,service_road
12.962013259780154,77.57465035832587,6.096692732582618,96.26968434528716,906,highway
12.927738118298114,77.54545392545263,22.853945741330918,90.65043577831733,912,service_road
12.918812115972376,77.51463918475369,11.596215204690836,96.11646419389993,904,highway
12.946369840493999,77.62068971867627,15.338263866022535,30.696602980203863,925,service_road
12.935335222802605,77.633642559711,14.769764400035458,311.82613519285064,916,service_road
12.958365611185087,77.62389806920193,17.31837087699394,179.70712233599897,902,service_road
12.907773463696499,77.59269880876012,25.967314368736567,91.64620513236505,906,highway
12.997439480766616,77.57595715603584,29.42218030750288,95.44077014945356,925,service_road
12.99862107444796,77.67266672991437,12.227526257214508,97.90691101900168,916,highway
12.969816171401975,77.60381635702724,24.82556766318909,359.6578193173122,906,service_road
12.953609636634413,77.59583637552595,22.93583383964153,94.35995180570586,920,highway
12.930952761628633,77.50512841316129,17.205868543667197,95.94049465566812,900,highway
12.981379501970695,77.56824956552524,28.681414308357994,95.89653495151548,916,highway
12.968473117255389,77.57603912375717,6.014235465852083,175.87528791849257,929,service_road
12.916261693934489,77.57976455617938,3.2779263092886426,98.31540786337666,916,highway
12.991092718449384,77.61603447384547,25.618859008662664,240.09675032059815,910,service_road
12.982253724292317,77.60672050934538,13.174494499012448,97.23071636049669,924,highway
12.994979991329192,77.62158101855869,25.409065626211813,97.72670988128166,926,highway
12.972571950838836,77.65297665230842,26.792706155862447,97.14899534091313,928,highway
12.96134151959358,77.66259714774323,1.8737278085721432,95.78977646554145,902,highway
12.941824303629062,77.6436246152453,26.503942889581822,267.22755242421994,914,service_road
12.993272848335401,77.69110473919099,13.449571661082665,93.60375492363171,928,highway
12.98660638895004,77.50364651653527,15.312974670126966,96.04839429362582,920,highway
12.904521867010619,77.53915559713671,18.797775332796306,223.74674065225747,910,service_road
12.902636697449726,77.50151257499563,27.791478201902603,98.63479894912813,925,highway
12.937646336687806,77.62949494283092,0.5734828328929209,93.08802275349615,927,highway
12.981055333078183,77.67960610979,14.305304049534513,92.93534792458661,915,highway
12.998727612931495,77.54869645931527,20.63166127291682,92.65997693092658,924,highway
12.915041689110353,77.68540690895927,21.681208730946853,139.21072199548632,921,service_road
12.959413071535213,77.51205347805791,20.77597294611324,295.611272899325,927,service_road
12.938089085663103,77.6868872053611,4.033053882243656,97.07015294272591,908,highway
12.99699143978146,77.57032453744793,8.981867651150438,163.41340911184653,923,service_road
12.98421189231357,77.52028416568984,10.761465762510404,182.51986325160507,923,service_road
12.983832870471113,77.59717435183727,24.13311623038515,98.85913995497425,900,highway
12.946869315979498,77.55135531354411,8.36279617243659,335.6453309881359,928,service_road
12.941481950233767,77.55697458039239,6.321148916016095,90.18945403374354,924,highway
12.927340707193071,77.56145799298525,28.723440571142884,61.41640486379196,921,service_road
12.905637549665093,77.66060517956653,0.265898553404067,157.232814424947,915,service_road
12.986472237625506,77.60783225533505,29.934625670459347,167.04015415071348,908,service_road
12.981290100913007,77.5622615398312,20.304638965721868,96.38488784799135,918,highway
12.999971767328613,77.62206675666218,24.854078983473514,217.0414377379567,911,service_road
12.999663683707391,77.64323013484464,8.838581890385795,90.57117163370444,918,highway
12.955543170560263,77.55452480014671,0.42945833001179934,91.37629734398361,921,highway
12.97689874151805,77.58270982030507,22.136085556845902,26.985615649204703,908,service_road
12.994476572988242,77.5243772186674,25.02433791002027,99.03223627344707,906,highway
12.984964739067742,77.53622986990693,22.214283958605574,146.84253745375685,913,service_road
12.92473481017432,77.63622357079299,4.285508619025158,92.0945576950951,928,highway
12.94505441353101,77.53628766953912,22.60283766770907,94.16262780687907,918,highway
12.91291594151515,77.60503267673342,23.06768346322923,33.0399383296233,918,service_road
12.995405102725872,77.64180925234449,19.756215470101647,245.14318490528743,901,service_road
12.960617463445088,77.52137538461895,22.983477983867587,316.55680681052183,908,service_road
12.922864280550346,77.61346244392578,25.377643190331966,185.12172405575194,912,service_road
12.967170068440586,77.55131255674027,18.40812342712375,96.80479462524374,914,highway
12.96181282404579,77.69258537504751,2.658141419090372,99.31697973681169,902,highway
12.935816271803285,77.59670912934399,14.628834290016325,96.20371252123721,910,highway
12.911355759219964,77.66119850995503,2.3294800401481517,270.6460514522123,920,service_road
12.96715731955928,77.61004530843125,12.226290930972926,90.83724937845348,913,highway
12.95203077009038,77.50868250657096,12.213194673768829,76.55914314408342,929,service_road
12.977231839173564,77.6266302751188,1.9802953242072474,93.73947134479067,924,highway
12.9520163501112,77.69028066844133,10.46461601908438,23.12588730856532,907,service_road
12.985218150031853,77.62032236402926,3.329942963739445,91.51371171263276,917,highway
12.955190683877449,77.66383777188535,24.247056300276665,91.5188617233663,918,highway
12.956093797153539,77.67684129266968,28.430640778934123,308.9989554411329,915,service_road
12.987665360265835,77.54561595438979,2.169494257738158,90.54466047366837,901,highway
12.94034828662124,77.54240896798164,28.653456218751042,282.33766775041806,907,service_road
12.913401522845064,77.6221961977702,15.677297980102354,99.65209638545736,921,highway
12.902878267631333,77.58220569396134,8.986970338616217,94.28183939867174,905,highway
12.975513725567362,77.66797226057335,2.3058622582849053,143.26572469707259,911,service_road
12.962030955135347,77.68000462467961,15.018728042112535,335.33243733480504,914,service_road
12.970407976809922,77.57068427586054,23.83546633472246,93.669614070072,924,highway
12.921296416150891,77.5473741117949,21.212594318000946,91.47227074410517,907,highway
12.913637147558678,77.65610510304877,1.506780343919213,92.06581016221782,903,highway
12.901454466566788,77.55496120710963,2.187055061037105,93.1326647658061,914,highway
12.93505875588066,77.66452286370274,12.086198478979114,96.36068420352225,927,highway
12.958991768685463,77.58474765072975,8.858714821438298,93.98280549089054,919,highway
12.939224404509973,77.6335099798583,6.971529691681435,251.83233274158857,924,service_road
12.943747492202373,77.51910706276693,8.430134967261408,110.49518627324372,916,service_road
12.990415869449375,77.62477186493531,24.10448229890654,20.553961646859737,912,service_road
12.93482554670233,77.59035353574745,27.876841608955615,98.1207761100868,917,highway
12.951398948915982,77.6173216926351,12.153080835826993,98.25211371259631,901,highway
12.978365301274115,77.53360284154897,27.18333006397491,97.95058017606131,912,highway
12.939654278232128,77.64737474898884,9.64487103743646,4.290473872167153,912,service_road
12.962208670022788,77.67255941550864,14.293109590313748,50.28925413705792,921,service_road
12.986236370874675,77.54334796001815,6.780869934479991,91.43161357811194,914,highway
12.994952062365764,77.51914291110403,19.214281265275318,96.57716147275954,919,highway
12.914707348092904,77.50472771720926,29.369433455244266,353.9032918613354,928,service_road
12.99265876251615,77.62839430008866,18.10479288130136,177.83249369046766,926,service_road
12.949211629307953,77.62141880721776,10.734422523406465,312.96682835724505,909,service_road
12.925824438829896,77.60933948254282,19.434523379715852,99.0324810509513,928,highway
12.945913575623827,77.54638941922319,3.687620353961627,92.67415278472107,902,highway
12.998003257528548,77.5781811991811,26.65977240796196,98.1239072418615,918,highway
12.949261809399287,77.61889526703723,15.092518523395091,49.401772782073586,902,service_road
12.93287516102875,77.59935337177184,13.480492261189262,337.55812582197314,921,service_road
12.963340085431673,77.69755710404299,17.575943653605577,94.85646865334277,913,highway
12.92401456187782,77.52728795051135,18.743515883682072,95.45923533308999,907,highway
12.907586332810867,77.63902891080951,2.153274186795391,241.79768315924355,926,service_road
12.912887972191065,77.58086375362086,20.47851663670207,98.71315247246854,922,highway
12.912804583895777,77.58563992298512,7.257950409465888,91.53329795601499,929,service_road
12.91519026935123,77.64351955313164,21.418578975197693,227.1777815772794,903,service_road
12.913882717264942,77.63848723026487,24.676043831525902,99.11818628686092,926,highway
12.964087474480321,77.69825119874044,24.118755226575608,259.4610403296044,927,service_road
12.918188008439914,77.52567885789082,16.575029022236674,98.53329216558788,919,highway
12.934566728332387,77.52082192987683,15.605096769322536,218.07134298753638,910,service_road
12.989678840990601,77.64486776342575,4.2862788401823515,227.47685732887865,925,service_road
12.947396164026287,77.61567738340128,23.260384512094067,96.69356984240748,910,highway
12.966755773852103,77.55483213331196,8.142281413401431,209.71215987866495,926,service_road
12.917231987120163,77.5158838737978,14.900862684538396,92.43571125864632,929,highway
12.919228901880867,77.51713164991929,8.528222787825502,93.06047166228771,910,highway
12.904086861626649,77.67883817493282,4.014850889990794,261.8828608630034,901,service_road
12.916893506307217,77.53837346494375,18.886730906752096,91.77127144198253,929,highway
12.927859033903196,77.56467431242311,1.629961044687115,90.05139627585561,916,highway
12.917701048427675,77.5453312804454,22.459357023785998,94.45409521105786,908,highway
12.908870253375706,77.57099926116639,9.5276038578335,90.84255377417972,927,highway
12.91206358711006,77.51388476854922,0.004040790134559602,96.82652605044198,927,highway
12.946077876803272,77.60381195818165,15.333874177116893,92.35622851191648,901,highway
12.92063337184058,77.51352251271844,1.4055572558280938,189.16024549038463,928,service_road
12.936426986104808,77.66007130156447,8.285086734626985,98.71251627398652,923,highway
12.950341727085485,77.54674241638209,21.209294623671486,73.02716594203147,914,service_road
12.969039482862936,77.6080023829209,1.880688648655976,359.39475236554443,915,service_road
12.90393121398411,77.6760158175123,25.18015477068007,98.03244904664807,924,highway
12.979941039890905,77.63017547380944,0.11459767975749324,102.26102005455445,903,service_road
12.962790038949091,77.60659155731027,7.404716076057067,358.1189836466062,907,service_road
12.908175903194888,77.56486675062308,22.227121684562142,90.81965734643663,908,highway
12.987357862410677,77.56660038261164,9.488104491879204,96.46837228926381,925,highway
12.99208724005318,77.63389739103964,3.056771641980406,96.24979748376035,925,highway
12.906107795985486,77.69882787224424,10.807017564012837,301.8238697131884,904,service_road
12.92768776481472,77.63236783796988,8.111798591535766,257.6234581098429,915,service_road
12.980620127979305,77.611556683474,25.281357064816646,98.59679585080333,912,highway
12.974825969038365,77.64613010204785,9.400437527554294,99.59472182955412,929,highway
12.918452101935639,77.59304112245674,23.667974153280216,248.19016819367687,906,service_road
12.92093493233367,77.51202846852016,26.75616434432204,102.16725949495769,925,service_road
12.937047210279138,77.61245936317559,13.014522587295886,249.7907382752636,919,service_road
12.948452298519102,77.69152505690109,27.29829431563176,110.09286406211902,916,service_road
12.96182547715303,77.53506058847154,11.319541618895785,96.76644634819847,902,highway
12.936891363956978,77.63800097816413,28.922352494703244,223.10922761696375,904,service_road
12.946253471613314,77.54018673773182,2.678685735767188,27.86815871451021,918,service_road
12.974747093813376,77.60716553689461,20.610577995097284,184.62073047665115,911,service_road
12.90366832028906,77.51933528992934,14.81442121370786,123.58834891046673,928,service_road
12.925243694434402,77.59007418725164,11.629464163669411,94.77200079417962,926,highway
12.971334958588455,77.65123266577905,18.981356362458026,97.93063028370656,906,highway
12.98952068376872,77.5695143048478,21.115712749029935,116.03693680899296,927,service_road
12.951167744211567,77.63298234489744,0.13089808950927262,279.6817493537542,908,service_road
12.953211348526532,77.65908999215794,5.008592662415961,99.33865942846249,927,highway
12.910717201133979,77.6854355638959,21.39138151902956,94.02223734847112,905,highway
12.944741236682345,77.54692841637109,19.991562407346194,291.31012931642687,928,service_road
12.953261726645502,77.57986318316186,28.981425153860314,242.21940837135483,925,service_road
12.924247050363473,77.53048320266609,22.83113370752349,99.22191928051285,916,highway
12.926924323094939,77.69849670043168,28.523181231940143,91.41994259352084,915,highway
12.937728416310463,77.68540019358487,21.076215046044208,93.04241863827195,922,highway
12.902007119777773,77.60799142605612,8.941566259183295,91.39246844594109,902,highway
12.932207916558317,77.66840665887528,3.1609476675256944,96.12008529959455,920,highway
12.921144800699654,77.60419159545441,23.454715900348067,93.06300996887538,925,highway
12.932749735217792,77.62471713760056,19.32447664427748,343.41723090950717,903,service_road
12.911976213181925,77.5178248864232,1.4455803717988869,90.7091595948798,909,highway
12.98905272807399,77.65105408409936,10.80151397702935,93.49796061807592,904,highway
12.959359245355405,77.52554269672704,28.703994464528584,98.62496507401585,920,highway
12.967910231914448,77.66521352605051,15.012034371306036,92.33072811890835,921,highway
12.978917123860734,77.65640561753408,12.981874080591139,223.64155097286022,929,service_road
12.949844219892906,77.64174893954859,13.730988154778819,17.30842865512208,909,service_road
12.908692028808742,77.50723207610496,6.2664817201549115,98.63484608369116,911,highway
12.953710654181855,77.56062567118907,11.061215125943857,5.2729658180952255,909,service_road
12.958684111802087,77.55262251398217,11.094397679615298,331.61179686510303,928,service_road
12.974543947418432,77.5720272814943,1.570650605624172,351.3909687118458,912,service_road
12.943165954622968,77.51752854935276,23.027028855537548,80.02179598989069,910,service_road
12.912758030279557,77.68739156460622,12.49513295711637,74.9181724546942,921,service_road
12.928377590579872,77.61076044814247,24.6653966044927,271.3392635623667,915,service_road
12.936308229639863,77.5611048621316,25.51044003359686,90.56162009903314,907,highway
12.964591724133161,77.57939630341485,6.359821640959742,92.55639093795361,907,highway
12.957077830466892,77.58944050810096,19.720604465103857,95.2756364899942,926,highway
12.935609672589784,77.62011886667213,14.16845412488945,91.7159636706519,924,highway
12.998651524879298,77.6031358855393,26.404702137644552,91.67459744517988,907,highway
12.960577481935688,77.68387839464289,6.472220375293624,177.62641214882225,912,service_road
12.923722679173599,77.59939269658116,20.334396009301326,90.33267971169359,926,highway
12.91017824726204,77.69843160296466,18.232563667581676,91.2188808253227,901,highway
12.915285913918433,77.67028499154902,8.859044327154983,59.55125476622736,929,service_road
12.924595772838451,77.54170210287147,4.098027109535178,0.836426207494898,929,service_road
12.916068137325956,77.68611904292878,19.549192814318296,93.9675505645553,911,highway
12.91865670240513,77.5232732795771,22.15792374396992,326.2095130058926,909,service_road
12.928509516869385,77.66348994169824,9.4688203129005,19.96028485338291,911,service_road
12.917337359529476,77.57612465869532,19.344978120669413,299.89233501878516,910,service_road
12.989676542462643,77.67559486408902,11.853927228345098,164.8097757213144,914,service_road
12.908023374566165,77.67361133802149,21.39620649847853,94.67980462478043,915,highway
12.952451138957025,77.66118508002353,5.976458246821593,316.3487485236947,916,service_road
12.941039682698966,77.65800608726141,26.70645007908523,98.17623378304486,925,highway
12.99823786169086,77.5609358278196,8.622287893967393,98.95056603999834,901,highway
12.911203890216806,77.51618385661025,11.033579632684587,74.02373557176278,917,service_road
12.939785559904575,77.58059603575303,1.7427585624104935,220.92594758234767,911,service_road
12.996947043327538,77.5347049029973,3.345366369638292,80.31108043043095,918,service_road
12.986550712589398,77.63899021778049,15.475857081369844,92.76869969492012,925,highway
12.981707207094928,77.56921994530755,8.027780301839144,246.23104676945087,922,service_road
12.925790282704494,77.69512204017198,25.06440677226583,68.48205509524952,917,service_road
12.917088758739007,77.62819441546907,0.4408016596486153,187.51888177224453,929,service_road
12.966864321992443,77.66449611272688,11.372821460158086,168.86150798044284,916,service_road
12.992937598912759,77.52650493454837,10.12036640307278,25.573471705202845,929,service_road
12.955676289301394,77.67240289645453,0.5798289275280311,98.45653522277343,905,highway
12.95716126894699,77.68455143810269,3.7310519700153066,120.84566423142302,924,service_road
12.927997909366029,77.59741238376378,12.409280247559058,206.84959111867664,914,service_road
12.976949293319194,77.6212505875502,14.785937533423398,185.32232457592838,902,service_road
12.918704374855754,77.6529619601806,12.128692417646073,95.70761480959074,905,highway
12.932367923640424,77.53496772545208,15.928130352362814,38.600061915055484,902,service_road
12.942543643861642,77.6005132152927,17.853950247170445,98.62076142576598,929,highway
12.950761037868446,77.57973260555447,0.2977146338350689,91.05405285956166,928,highway
12.924240973241508,77.52927479843245,13.922854783605116,264.11142253120147,900,service_road
12.911483682473921,77.57350688445831,28.90497722662765,302.40677949145146,929,service_road
12.961062004244164,77.5136344618771,15.57096840388646,196.19362011600649,912,service_road
12.928863055324026,77.5051623813899,20.326268023768595,98.22228112577011,927,highway
12.95812382214226,77.52703325783096,9.355915737506496,97.52848655882207,920,highway
12.91543627152742,77.69262302231783,23.219741344582875,97.32859187331832,925,highway
12.948114010185481,77.609905907179,23.187644456283454,98.76192478269556,913,highway
12.95325894325516,77.69316443223065,15.638881429624169,97.22784600621522,912,highway
12.905182353682243,77.58649957566602,29.280414698376408,92.31841291714727,926,highway
12.933660427819392,77.56236322661705,3.766506442879601,78.58912025214443,903,service_road
12.913441467693898,77.60122837256804,0.5084299466874298,19.689542847456355,906,service_road
12.906337497047277,77.58790233772659,23.10474635271288,92.42174650347471,921,highway
12.998996023238995,77.52113293685235,24.214666120946475,36.99656735392145,909,service_road
12.932235384497472,77.62816526293804,3.6062168736172873,61.991092592507904,906,service_road
12.980987444585464,77.54320763650192,7.967484988758182,97.11000961949811,920,highway
12.925464065476376,77.62391759097957,0.5265709009988673,92.34499477674093,914,highway
12.968150272222394,77.63004021847964,8.799258323416941,50.61309054241161,914,service_road
12.976022785988969,77.53040497062572,23.194256217560145,99.17840883093552,903,highway
12.959563874060784,77.51226992542213,15.538815831377368,91.0802895749158,922,highway
12.947157618855016,77.6561523172137,10.442867795048642,66.03251165926417,922,service_road
12.941184091414726,77.59196008475386,11.152178847189909,97.50260794087316,905,highway
12.9348868266543,77.51163275910109,0.040608771464044624,168.12643194782703,923,service_road
12.992952914424782,77.69897326343396,8.994015826957076,246.83462973547176,919,service_road
12.983061940778773,77.51155611219927,19.393762249137914,81.45984029177053,925,service_road
12.99650269106665,77.6390070457717,29.225833314490714,47.450458762804566,904,service_road
12.912429722348556,77.69673578505268,25.411824809516986,319.3353880009063,919,service_road
12.973086747520364,77.54783602084319,0.7078489393658738,96.86513943043252,911,highway
12.993834045682103,77.52844987373744,26.95681814024518,98.15072100675806,900,highway
12.918123306616566,77.52427698788449,23.495952398958778,98.77452126603168,927,highway
12.906649626736678,77.56065502951353,23.411283707129414,97.73183501258758,907,highway
12.974112064929006,77.52020916220214,13.739872770107144,161.4047293888681,900,service_road
12.957447311317992,77.63843226833883,11.940158788635085,176.12599011399882,904,service_road
12.984182877675828,77.51245835962601,9.087471864995779,95.34966673409444,921,highway
12.91397723766263,77.60188442562996,1.9708457686309733,28.188601372640697,905,service_road
12.97952673118599,77.6993393707706,6.847060904810974,98.08067817116023,928,highway
12.920162732004774,77.66279405390121,7.398109049340738,93.20724524459958,920,highway
12.916365594286571,77.6230438876462,14.522312091306048,95.62429374117922,902,highway
12.9164265797931,77.56125072415732,22.42333219790082,338.57899146468384,914,service_road
12.981457472023138,77.62477916725832,14.214294851938398,343.02038010141035,904,service_road
12.96651972206962,77.60540829278233,1.7353334834148182,86.1596231570491,927,service_road
12.952306542476911,77.58521667677807,28.733694029646117,224.6808312164356,923,service_road
12.93588304841235,77.52614207534803,28.281729572823366,98.62922393510989,913,highway
12.987720054081311,77.6773208430481,23.55568629445225,315.24664593099817,917,service_road
12.939244510742263,77.58995692976427,29.739837046926617,97.71511113937916,915,service_road
12.981659943947157,77.53892450236415,16.33446998400789,1.3328664596700657,905,service_road
12.943913490857023,77.57355187017546,28.88305050759618,93.2588134261579,924,highway
12.93769444294249,77.58282595050579,2.268151218502523,99.54042265078085,923,highway
12.946267978566961,77.66550757911338,10.97042244784114,113.6596067173759,913,service_road
12.930137787416415,77.64672287611228,6.761438040202975,284.89065088423894,926,service_road
12.974760938017624,77.65386097872828,5.874992524028101,245.00183980998162,923,service_road
12.950272039009247,77.50220625288573,4.224088466780282,107.84027506136302,907,service_road
12.923221269514682,77.58323079963596,18.6724092469799,99.91889195947492,928,highway
12.989957457327456,77.59626883032706,23.439655672419153,34.40127742500068,906,service_road
12.938389122137322,77.50383845536462,17.34895198261082,323.3327201352363,907,service_road
12.954355286111399,77.55196264174901,4.40888128764629,336.7529368014723,912,service_road
12.990647211096455,77.65205796462443,24.33371309800413,91.84920297467144,905,highway
12.962423799591399,77.5274219411458,19.078641214911855,94.2815517303012,917,highway
12.911689804070837,77.60706202629052,11.644971183809865,62.62591957064119,901,service_road
12.993983212361348,77.54304037440345,20.22390886608189,16.630733952586382,907,service_road
12.962770805307143,77.50242415492878,7.797149377284986,208.65482186856264,910,service_road
12.933490561465709,77.5482402915199,10.355766254826316,328.53780967791977,900,service_road
12.913927207266338,77.69517475098202,27.524575293959707,63.84649019750743,921,service_road
12.97940251892703,77.6603074223766,8.715135170142611,98.07865645683981,928,highway
12.962007275592851,77.69191532886421,14.099648044738098,97.37409944311946,905,highway
12.953346109197632,77.59757080878528,26.70423412188044,95.37041314741974,915,highway
12.989389258305096,77.5219472397355,21.231640508025823,148.93417148761094,926,service_road
12.978859721122452,77.60959189779474,1.8660967849410826,93.39322835655712,919,highway
12.915167487973276,77.590875466912,4.4190913283691104,97.08899112773317,911,highway
12.931172206779555,77.66887141654793,0.23524772315750453,99.93783975378172,910,highway
12.924848913981446,77.51961651615684,18.927653706874903,277.20764224409834,928,service_road
12.974394629257267,77.59764822740436,13.43020276231255,226.86303055933493,926,service_road
12.903353243473578,77.5300097329388,4.028245527068266,98.44314864152382,928,highway
12.956988968487131,77.56493518537802,28.738023631703115,123.95089199518534,909,service_road
12.976245868574068,77.64747141547757,15.889791718368597,97.17932690940101,902,highway
12.987676563676175,77.59520362587375,7.256798823386675,92.83607923417136,912,highway
12.934208174871591,77.57517765702916,15.018107134641227,93.26282151568947,926,highway
12.982125730467201,77.578895255714,20.388609982053232,90.20758032123965,902,highway
12.91106317369552,77.5918893536812,2.2871765392069343,281.4224360417134,914,service_road
12.984645229173452,77.65700330876741,8.24111445143676,73.35197490597974,915,service_road
12.912748866233198,77.67841693778804,24.20896472651981,93.83819573985717,928,service_road
12.939728729056037,77.69106693730079,13.789946112079837,33.31027957201889,912,service_road
12.979729536577956,77.65738067725106,16.397314260968848,91.71876512135924,916,highway
12.914991742734877,77.56308137914961,12.984480066284078,150.8145206174708,902,service_road
12.922925139523265,77.6376269412173,1.3169982792901536,97.37880415168742,919,highway
12.972225256839307,77.58752062481108,4.972493394604678,255.22713616455988,910,service_road
12.972003653654607,77.55093412440921,13.366249162256727,326.1963343249533,926,service_road
12.96411476328853,77.66817431588518,6.275563962237834,49.584275599611104,920,service_road
12.96939484444671,77.50768526979246,1.499370859790362,92.12285641668592,918,highway
12.95427244433476,77.68035239842709,25.30948992155471,91.15558376680632,921,highway
12.925179905890696,77.59229549292495,29.435775874923475,98.3642092298564,910,highway
12.934569599350391,77.62744029536165,23.794286219902183,95.02465649762766,929,highway
12.918159771680143,77.63187078444116,25.61354765114001,261.8917480787388,927,service_road
12.990845056133363,77.67902354814132,7.259313909511361,98.02981301309104,915,highway
12.958339179476612,77.62733393643344,28.81880926539599,99.80793805414585,920,highway
12.940085141676365,77.62278671695202,5.907771133602852,110.12213277414716,902,service_road
12.946200580364414,77.51333040811214,28.54289431085497,173.9284724035798,921,service_road
12.99472833396118,77.60368160438904,29.84457881897853,98.78415863044961,905,highway
12.915335140311608,77.53003380016341,21.35168417238146,220.0109483560486,913,service_road
12.95862298320168,77.6474867537443,29.43431195375466,97.5453691590246,923,highway
12.950588867888447,77.60244438416254,17.08619338701311,129.89027209608093,917,service_road
12.961145423543465,77.63604555584168,7.78625349528271,95.9222139933144,916,highway
12.901811018382084,77.50833458012048,13.109876569968627,97.00935365017999,903,highway
12.987212390894415,77.51695840320916,17.80682806136358,91.94273571001801,922,highway
12.993211828248361,77.64326467761254,2.19244686081045,94.47201032216438,914,highway
12.95651331835892,77.51441686719973,18.670297938517383,98.29821264717285,910,highway
12.969665082387689,77.51425134555305,29.435335102868837,12.385155043244964,925,service_road
12.99224993811773,77.50242169504698,5.703229493511829,94.11204067211854,902,highway
12.97072386343134,77.6913002796599,23.7778534886515,96.6336253401468,902,highway
12.915253904291426,77.6475016718918,27.23696381338858,91.1822241207246,915,highway
12.957628836016681,77.57065028170041,28.311047784606625,94.01497610564877,904,highway
12.960671504638286,77.55930711625753,28.804068132163415,97.93128537963057,920,highway
12.94241306713024,77.56994064594917,15.643789161644158,292.89917281224814,928,service_road
12.973644423562472,77.65493070623624,29.31923723974511,257.3830164786398,909,service_road
12.993436701476902,77.63227412221408,22.719306214033168,99.50818659916432,918,highway
12.992556851290677,77.5370391135735,4.850143087108857,327.677995787992,924,service_road
12.945083937140414,77.53482186706681,14.3070031940391,92.60918579650168,903,highway
12.911323804584075,77.51967912994267,21.54993526116012,225.63738699019987,928,service_road
12.998484119896233,77.63206054394027,7.4202094745725,10.368424996746732,928,service_road
12.983889808644593,77.65287453244434,19.218455506466622,96.99596533023528,918,highway
12.912466268120326,77.553009285665,19.998014371398575,99.77196667440954,910,service_road
12.992084188261737,77.50418899220618,4.880992314256977,161.8837117861392,901,service_road
12.986989636206212,77.51643433349528,16.952559373582687,97.05956236580008,909,highway
12.951883805712608,77.693572006969,23.14880732935823,95.03688609328239,928,highway
12.959127543574493,77.55908895549548,14.966869936078258,223.91308443379467,910,service_road
12.939900270387014,77.65384462956763,0.36309350328322276,317.51119985061865,924,service_road
12.905476163882204,77.62493271377086,0.2711540723787653,345.27032722166524,919,service_road
12.93351972416459,77.57638792793058,10.710880319100365,94.77742126399536,915,highway
12.980285344859801,77.54113745243912,27.78582205295346,258.25419866267043,918,service_road
12.900463202300461,77.52427728363187,6.860303388108263,239.16217197804562,922,service_road
12.933349917169116,77.62300259360778,19.030910666150614,123.61600424684612,923,service_road
12.939816869359095,77.65492675612757,6.662276120799618,96.33263201609411,910,highway
12.953739560293792,77.62878085070822,9.650099689786458,94.50282483831526,913,highway
12.991985561641275,77.60606042664983,25.441262688044517,95.31109496337527,901,highway
12.934634599436597,77.50839024468632,21.865843268098406,97.45717666204787,922,highway
12.934695320189624,77.69369775551888,2.861978319396319,156.70538070754827,927,service_road
12.973750124810975,77.65974283833091,12.861060629593009,96.96561402144046,904,highway
12.945221794088981,77.5585644073402,0.875092909357934,71.86637075757031,926,service_road
12.922460482293998,77.69599406587177,14.42670439809027,270.1958989513455,904,service_road
12.94524395161327,77.62037631792727,19.873020351032043,268.7111388035456,918,service_road
12.91408570203798,77.61648453164145,3.5550787079445465,52.386228139472976,920,service_road
12.917638698650622,77.64961463588591,8.66654816727497,99.26308276921196,911,highway
12.949836777273948,77.66235395761802,11.935098765064708,96.19168044243058,917,highway
12.941892544950456,77.6312957214663,27.585930739681494,98.2480694797983,903,highway
12.99148459010681,77.52561914927324,29.79765046268892,96.88810503589987,921,highway
12.936239389911664,77.5676535011989,1.3473389698684757,95.51936361060467,916,highway
12.958058835027805,77.68561672806521,22.830237704861762,126.61924008443482,909,service_road
12.963226428791954,77.54492312236877,11.151721992070296,94.25997519468429,919,highway
12.901309445658834,77.5744334047675,11.7737455868844,99.67742824833715,905,highway
12.966353737201672,77.58641537658885,22.62794920041068,96.577653832726,924,highway
12.917803596686975,77.5878809979389,27.552792964362258,95.64395380338989,913,highway
12.996107031746945,77.6225879164989,28.527857835076453,266.01496392581,910,service_road
12.914866272775312,77.68861516754895,17.313677581149623,10.501161224667586,910,service_road
12.941462412372703,77.5481385423665,10.713634779015084,194.84575719617885,928,service_road
12.908534966807865,77.52430027526019,23.626472575763376,19.04667597743918,917,service_road
12.999687425184595,77.53949409797198,7.530041497869008,252.41191918799524,926,service_road
12.950219501033125,77.67738498004185,16.92222086500553,91.93160008408432,922,highway
12.959538501732004,77.62916216253105,10.757353845746195,328.22202540298775,921,service_road
12.906707647738843,77.55718135784784,19.698932211236283,252.74972407841875,917,service_road
12.974996047039918,77.66318938779372,7.211967386805207,182.66031543065657,923,service_road
12.920990559309558,77.67227399927269,5.7477883720447736,95.17293482152253,922,highway
12.989805428944072,77.66930286773805,27.547172600263114,94.13107397727144,910,highway
12.920513964048201,77.68378530672791,3.0541104884861072,104.75978024327871,920,service_road
12.919068772066368,77.55044820403468,15.17873723204795,94.12366487274682,911,highway
12.90365496678481,77.65100838574926,6.625583488890268,90.72276947573177,904,highway
12.947206694511,77.59210789945483,1.1678988997700235,0.269175013391183,922,service_road
12.956484113326262,77.66839971057802,1.0805645487427917,98.53654548941113,908,highway
12.906570863942836,77.64569813543233,5.25665316317482,97.25287084354555,926,highway
12.977552761669502,77.65528948929995,26.003110635180008,93.6039404005411,924,highway
12.945328883474803,77.63123236753621,8.4743623193108,29.404715351887432,908,service_road
12.952439026932758,77.53548575389394,28.51377511725887,78.3809635676048,921,service_road
12.944076274693822,77.60900538377939,17.448668789675807,90.12249625729898,909,service_road
12.940076306087533,77.69693394790491,13.098425693062982,92.07057083383033,921,highway
12.955964033130822,77.68747761329942,17.402665040083637,166.75179707121137,918,service_road
12.915524024593072,77.5086347471594,15.500951556788033,92.315990247639,900,highway
12.918192813049528,77.53296296314589,22.763287612719754,98.48923869476073,906,highway
12.986178562101351,77.52634575469091,8.474881979185568,93.9727147284046,903,highway
12.994611546213363,77.64519598199706,10.591511748009072,323.52037255895897,900,service_road
12.937330931627976,77.66355706597139,26.82282907599752,164.34318792295187,914,service_road
12.927074467314355,77.54270227326214,28.393695394512164,53.797053066585924,907,service_road
12.964399954323902,77.60117053859037,26.776746824594234,334.77681386667086,911,service_road
12.94087341710981,77.66814060560225,12.583439818719407,95.70409491403642,921,highway
12.902538635566035,77.64656030895326,23.41096509020645,65.38731187637588,921,service_road
12.915615259736619,77.60844744109838,14.290071999032964,97.14695675235734,917,highway
12.97159722288474,77.61806953809176,14.926195564383066,18.288932288019208,914,service_road
12.965892394191016,77.60167210938326,6.140403271718519,168.58821292429866,916,service_road
12.902709599250349,77.55950969026377,17.733909097755493,307.12614188768515,928,service_road
12.922197216193295,77.6130043985718,5.584076932600438,90.80953736115688,913,highway
12.923107479658807,77.63777706041002,9.946940972015813,98.76613827015892,913,highway
12.967189274359873,77.67466458317216,25.650906048598053,97.28869804488342,917,highway
12.901971053775437,77.62725827079585,6.212274276325656,93.01463059458801,919,highway
12.910410858198457,77.65222430740863,2.134748555202984,95.99372992871986,917,highway
12.979991608537318,77.53201432699092,2.0702277783844893,307.8595241897302,915,service_road
12.917854466205434,77.59231149488396,28.223535615093237,98.9023662179577,900,highway
12.965274610785187,77.50186632396542,15.207613138855038,91.1490634336191,922,highway
12.923818278104672,77.54933577290433,12.28236215451055,90.038371455078,926,highway
12.909944139275934,77.6452923430226,24.326357430237554,95.02008197739183,910,highway
12.924317219099946,77.69836199026987,25.07477783731548,110.31924115808748,914,service_road
12.972226693185567,77.51983561991744,9.965730993468139,95.78965320295805,911,highway
12.985569646810628,77.58029886317226,20.808541724213857,347.21576100858755,907,service_road
12.983021986456698,77.66001419373984,23.1336844755566,104.19709249080789,921,service_road
12.939718352961846,77.54080712692578,19.639520605978635,172.6650348280049,919,service_road
12.966808513657064,77.61101698986046,4.547852244002981,92.1657918562724,929,highway
12.920498429541583,77.64661425920593,26.276492505511712,1.7526267559811615,905,service_road
12.929314773026102,77.62319709005203,16.17283658208026,90.87109289461434,902,highway
12.989633581852113,77.53760494692308,8.474172791100111,94.87384441672043,927,highway
12.901300192351075,77.57107691373714,12.756845563130817,96.91416057513152,923,highway
12.908550853085448,77.65675835689709,1.1271327119672214,92.61751100134482,925,highway
12.920788625514604,77.6108453028264,3.8360040366725268,96.24240736997518,929,highway
12.902653220387382,77.50104592270858,22.966402515475824,79.45166692272065,912,service_road
12.91814354350898,77.65219815200562,0.0003490426609842334,191.9910104851467,912,service_road
12.95830415609697,77.50706227098804,12.496974854468766,99.17220591824864,901,highway
12.94214245505925,77.64914675654624,15.675305432567653,288.1929978456292,904,service_road
12.989267171107697,77.54049611203305,1.6390326000291688,92.99232004301061,916,highway
12.981744356173845,77.69161469602388,29.192344889169984,228.6953954492691,905,service_road
12.934181735169787,77.57358815026042,6.783759937490158,14.961545378013081,901,service_road
12.925942343343129,77.56538632326762,9.125961589088426,74.44716337589188,903,service_road
12.937969240816727,77.52977761006649,9.11827536765082,333.0232403209398,921,service_road
12.959029494251482,77.56112084309804,6.912499863520497,131.80072245435045,925,service_road
12.926806364082287,77.67533015236565,0.04421466258934248,99.8576824958574,910,highway
12.962414890784913,77.69926686752545,21.88034382263989,97.91284292496684,907,highway
12.940941165219124,77.57366190610136,29.00536499397856,107.80478061633167,911,service_road
12.955204718085199,77.5897221261909,6.7288044985513515,93.39220298391784,907,highway
12.943612652913531,77.64441418764055,19.891415754102674,359.2718840009737,910,service_road
12.929446575954191,77.67723915609302,22.256889808761454,90.41068172790405,921,highway
12.994845330696215,77.61860886683736,25.45276137271574,146.85761461242276,919,service_road
12.976360579415976,77.57830513963556,12.678875910408273,352.89403481393964,907,service_road
12.914011317576646,77.58252436816973,9.087927169212877,234.04076043091692,928,service_road
12.986846797589791,77.63912362929936,9.758854020690933,90.62506941510411,907,highway
12.948743119824952,77.50064365272085,21.378639992955385,93.87466463821757,925,highway
12.98945522268941,77.62391786749197,24.50338399516908,43.77789336530056,929,service_road
12.979985525594731,77.57109860208827,5.44841903269808,227.9106455386458,916,service_road
12.942521350446924,77.65883946625542,11.128230244732956,96.19204317292154,919,highway
12.902246930832012,77.51859812796462,27.0582059024745,94.80294258791356,919,highway
12.926867735938496,77.61764045338968,24.200805590842176,96.61703845481347,922,highway
12.954163421466086,77.59619457797723,29.545752082874273,92.191260646708,915,highway
12.963347821982614,77.62846510518105,22.627447790462423,91.12843187183621,913,highway
12.92578876854332,77.5129707188966,11.795856030837669,50.14884193484915,929,service_road
12.913935607407282,77.61599675748563,17.719135019839133,94.84689516936308,910,highway
12.98349302367993,77.6122969175919,19.83042762741961,13.360795186428817,906,service_road
12.998440218070355,77.61213201888323,2.3536744895137183,29.041116260823856,915,service_road
12.95256901823027,77.62069753331929,16.334908773115952,91.06125585490996,912,highway
12.917167928584831,77.63529358744528,21.279624854178287,95.31356831752696,926,highway
12.927230732651937,77.66099779993615,5.019639120031812,122.92898637903926,914,service_road
12.901839067654747,77.55396414402564,23.418951522766715,96.13151911103017,923,highway
12.99142988065605,77.66500988203602,17.51318341542335,292.93569747263086,915,service_road
12.911775108289014,77.59965113645269,28.56665357092784,92.9966868384149,926,highway
12.957651647551426,77.51541165582687,1.2726689462067509,99.62102104165028,920,highway
12.927405522068721,77.5117101858488,7.959784126664009,95.35634500587574,922,highway
12.95541780025158,77.56684766373921,18.04661637899472,53.22687763045816,923,service_road
12.965142038835186,77.6569793954223,8.896797366177921,96.80672373225737,908,highway
12.98297418037072,77.64153618694819,21.432724922137265,65.84149910472071,902,service_road
12.92064212717606,77.65772299293448,22.77015847565793,95.10970743045063,918,highway
12.901099582865848,77.60345381128832,3.0754789219942333,135.72277630514805,919,service_road
12.91368856300688,77.5880397995911,15.415633926203032,90.53781964177378,904,highway
12.99000186418481,77.52949050534126,15.266716667731677,98.47513044069728,909,service_road
12.987389007756251,77.56563855072186,11.078423106466232,143.87688075087132,916,service_road
12.959741310217032,77.58680387323477,27.987745877090163,353.8296424279514,914,service_road
12.960051686043366,77.51772008593592,24.825189596196637,193.12934082785034,922,service_road
12.966503667454626,77.54412239054224,20.916281457289102,180.94684162365127,924,service_road
12.917537127862346,77.61964505881275,21.429799072049928,92.80025575343687,907,service_road
12.991441194592497,77.64713262284783,13.851484314393574,98.56964414776239,914,highway
12.941877052489208,77.6996695022786,27.629835632897276,5.174262639999951,920,service_road
12.93831385282495,77.68662266626872,20.837862817598563,17.82454669282567,929,service_road
12.951891770528285,77.62851303990703,21.869431849674495,215.76909136888898,913,service_road
12.904696596677505,77.58424961065882,25.85072711362036,98.55551123435873,919,highway
12.916628336875608,77.62723547294165,8.22214768026573,94.18291111093485,927,highway
12.973803361642638,77.65713032361604,24.21212711600109,93.09412794870444,906,highway
12.908279866792514,77.52366723818467,5.857218088694761,256.9342531236146,920,service_road
12.96031521094664,77.58198097793925,10.360258567346635,95.15676551077073,922,highway
12.924534910968132,77.66796045712712,10.06831362809528,94.97253886590877,911,highway
12.938929561404198,77.57676659038661,29.355764051674218,45.20955697565785,916,service_road
12.92886937367707,77.61437445424544,25.696116712437806,275.59561308811294,916,service_road
12.935567271646494,77.61755387217244,21.035095847707794,98.42106862483512,909,highway
12.971904590518424,77.53689525062673,21.811702848461703,116.43942783607083,929,service_road
12.929712171562318,77.57244708833046,16.862183832077132,294.92431635687126,928,service_road
12.95664046402969,77.56690225774838,28.412720013255573,193.14921902164136,918,service_road
12.94760504021991,77.50523934170641,14.887762586470846,309.5786571060273,913,service_road
12.966367116536265,77.50483835277826,11.415531296096836,95.83919289261135,910,highway
12.993682973932476,77.66633940873515,4.89106010794773,218.8002378984794,901,service_road
12.973257209721025,77.55461416199456,23.58616956783174,98.51405747891474,917,highway
12.921494037859077,77.60361575324777,22.033317962267745,90.84264366155851,906,highway
12.903118313506129,77.55974511471776,11.530651155724046,93.56093085166421,911,highway
12.926226404429983,77.68813584902307,0.7558024187768808,96.80384413762522,925,highway
12.959507793070026,77.55185935177316,25.169919831540323,95.84334053957168,901,service_road
12.905142581348425,77.58593136254778,0.342539503622209,11.283360789192018,926,service_road
12.949636624720124,77.67454605009692,21.110993388871528,43.00159822714288,919,service_road
12.959684284891688,77.66838671335836,29.10771329178171,97.89022844548134,917,highway
12.933424389081697,77.53722028356925,13.129839844446105,91.19106535876716,905,highway
12.977091220374582,77.66052866195915,7.049202149878583,91.40547127995544,923,highway
12.910659825313378,77.59163737734758,21.14613030130145,264.60941367783556,909,service_road
12.90751377817358,77.59659377441707,24.513844260467554,95.18077165197562,919,highway
12.97281887562036,77.52669599448319,16.39290948233542,187.51758424110398,914,service_road
12.94954913162062,77.51612030275143,29.011058257684386,240.9356865037168,904,service_road
12.968840239642773,77.64558786139476,1.550061649738833,293.4055140034133,919,service_road
12.943482733860375,77.59929223047106,15.143867949135844,93.84305678661369,902,service_road
12.92464020332391,77.58737014052303,21.553618419676503,97.38743509615931,904,highway
12.98191023176742,77.64590164573048,25.87921413447537,0.22590598624422142,929,service_road
12.979941587896898,77.65310257979823,5.377668357233701,92.65081284338572,924,highway
12.969469647085443,77.53178163353387,24.000104452910442,330.3161620546841,907,service_road
12.927214513722996,77.62204502989553,16.581212271556357,91.92870568689614,907,highway
12.959023066686909,77.52707081645553,11.896610459698897,90.9271481081027,907,highway
12.936097389694003,77.65027501720581,3.951450857372807,161.10104029182293,911,service_road
12.909158207332665,77.63139103125343,25.958872767267373,36.68103142975901,923,service_road
12.991731357546223,77.69132292421669,4.718196245391461,5.7312962146074975,922,service_road
12.913681863091897,77.51379160327129,9.293635776272977,97.9189132379573,907,highway
12.99502373538208,77.51141094423025,8.701365958873106,345.8985901488678,910,service_road
12.944600577295796,77.55643741493864,26.14242102572563,325.03248843557407,913,service_road
